Non_atomic_1k_Classifier_best,Non_atomic_1k_Classifier_5th,Non_atomic_1k_Classifier_10th,Non_atomic_1k_BF_best,Non_atomic_1k_BF_5th,Non_atomic_1k_BF_10th,Non_atomic_1k_SA_best,Non_atomic_1k_GA_best,Non_atomic_2k_Classifier_best,Non_atomic_2k_Classifier_5th,Non_atomic_2k_Classifier_10th,Non_atomic_2k_BF_best,Non_atomic_2k_BF_5th,Non_atomic_2k_BF_10th,Non_atomic_2k_SA_best,Non_atomic_2k_GA_best,Non_atomic_3k_Classifier_best,Non_atomic_3k_Classifier_5th,Non_atomic_3k_Classifier_10th,Non_atomic_3k_BF_best,Non_atomic_3k_BF_5th,Non_atomic_3k_BF_10th,Non_atomic_3k_SA_best,Non_atomic_3k_GA_best,Non_atomic_4k_Classifier_best,Non_atomic_4k_Classifier_5th,Non_atomic_4k_Classifier_10th,Non_atomic_4k_BF_best,Non_atomic_4k_BF_5th,Non_atomic_4k_BF_10th,Non_atomic_4k_SA_best,Non_atomic_4k_GA_best,Non_atomic_5k_Classifier_best,Non_atomic_5k_Classifier_5th,Non_atomic_5k_Classifier_10th,Non_atomic_5k_BF_best,Non_atomic_5k_BF_5th,Non_atomic_5k_BF_10th,Non_atomic_5k_SA_best,Non_atomic_5k_GA_best,testNset_1k_Classifier_best,testNset_1k_Classifier_5th,testNset_1k_Classifier_10th,testNset_1k_BF_best,testNset_1k_BF_5th,testNset_1k_BF_10th,testNset_1k_SA_best,testNset_1k_GA_best,testNset_2k_Classifier_best,testNset_2k_Classifier_5th,testNset_2k_Classifier_10th,testNset_2k_BF_best,testNset_2k_BF_5th,testNset_2k_BF_10th,testNset_2k_SA_best,testNset_2k_GA_best,testNset_3k_Classifier_best,testNset_3k_Classifier_5th,testNset_3k_Classifier_10th,testNset_3k_BF_best,testNset_3k_BF_5th,testNset_3k_BF_10th,testNset_3k_SA_best,testNset_3k_GA_best,testNset_4k_Classifier_best,testNset_4k_Classifier_5th,testNset_4k_Classifier_10th,testNset_4k_BF_best,testNset_4k_BF_5th,testNset_4k_BF_10th,testNset_4k_SA_best,testNset_4k_GA_best,testNset_5k_Classifier_best,testNset_5k_Classifier_5th,testNset_5k_Classifier_10th,testNset_5k_BF_best,testNset_5k_BF_5th,testNset_5k_BF_10th,testNset_5k_SA_best,testNset_5k_GA_best,boolean_1k_Classifier_best,boolean_1k_Classifier_5th,boolean_1k_Classifier_10th,boolean_1k_BF_best,boolean_1k_BF_5th,boolean_1k_BF_10th,boolean_1k_SA_best,boolean_1k_GA_best,boolean_2k_Classifier_best,boolean_2k_Classifier_5th,boolean_2k_Classifier_10th,boolean_2k_BF_best,boolean_2k_BF_5th,boolean_2k_BF_10th,boolean_2k_SA_best,boolean_2k_GA_best,boolean_3k_Classifier_best,boolean_3k_Classifier_5th,boolean_3k_Classifier_10th,boolean_3k_BF_best,boolean_3k_BF_5th,boolean_3k_BF_10th,boolean_3k_SA_best,boolean_3k_GA_best,boolean_4k_Classifier_best,boolean_4k_Classifier_5th,boolean_4k_Classifier_10th,boolean_4k_BF_best,boolean_4k_BF_5th,boolean_4k_BF_10th,boolean_4k_SA_best,boolean_4k_GA_best,boolean_5k_Classifier_best,boolean_5k_Classifier_5th,boolean_5k_Classifier_10th,boolean_5k_BF_best,boolean_5k_BF_5th,boolean_5k_BF_10th,boolean_5k_SA_best,boolean_5k_GA_best,condition_1k_Classifier_best,condition_1k_Classifier_5th,condition_1k_Classifier_10th,condition_1k_BF_best,condition_1k_BF_5th,condition_1k_BF_10th,condition_1k_SA_best,condition_1k_GA_best,condition_2k_Classifier_best,condition_2k_Classifier_5th,condition_2k_Classifier_10th,condition_2k_BF_best,condition_2k_BF_5th,condition_2k_BF_10th,condition_2k_SA_best,condition_2k_GA_best,condition_3k_Classifier_best,condition_3k_Classifier_5th,condition_3k_Classifier_10th,condition_3k_BF_best,condition_3k_BF_5th,condition_3k_BF_10th,condition_3k_SA_best,condition_3k_GA_best,condition_4k_Classifier_best,condition_4k_Classifier_5th,condition_4k_Classifier_10th,condition_4k_BF_best,condition_4k_BF_5th,condition_4k_BF_10th,condition_4k_SA_best,condition_4k_GA_best,condition_5k_Classifier_best,condition_5k_Classifier_5th,condition_5k_Classifier_10th,condition_5k_BF_best,condition_5k_BF_5th,condition_5k_BF_10th,condition_5k_SA_best,condition_5k_GA_best,Barrier_1k_Classifier_best,Barrier_1k_Classifier_5th,Barrier_1k_Classifier_10th,Barrier_1k_BF_best,Barrier_1k_BF_5th,Barrier_1k_BF_10th,Barrier_1k_SA_best,Barrier_1k_GA_best,Barrier_2k_Classifier_best,Barrier_2k_Classifier_5th,Barrier_2k_Classifier_10th,Barrier_2k_BF_best,Barrier_2k_BF_5th,Barrier_2k_BF_10th,Barrier_2k_SA_best,Barrier_2k_GA_best,Barrier_3k_Classifier_best,Barrier_3k_Classifier_5th,Barrier_3k_Classifier_10th,Barrier_3k_BF_best,Barrier_3k_BF_5th,Barrier_3k_BF_10th,Barrier_3k_SA_best,Barrier_3k_GA_best,Barrier_4k_Classifier_best,Barrier_4k_Classifier_5th,Barrier_4k_Classifier_10th,Barrier_4k_BF_best,Barrier_4k_BF_5th,Barrier_4k_BF_10th,Barrier_4k_SA_best,Barrier_4k_GA_best,Barrier_5k_Classifier_best,Barrier_5k_Classifier_5th,Barrier_5k_Classifier_10th,Barrier_5k_BF_best,Barrier_5k_BF_5th,Barrier_5k_BF_10th,Barrier_5k_SA_best,Barrier_5k_GA_best,semaphore_1k_Classifier_best,semaphore_1k_Classifier_5th,semaphore_1k_Classifier_10th,semaphore_1k_BF_best,semaphore_1k_BF_5th,semaphore_1k_BF_10th,semaphore_1k_SA_best,semaphore_1k_GA_best,semaphore_2k_Classifier_best,semaphore_2k_Classifier_5th,semaphore_2k_Classifier_10th,semaphore_2k_BF_best,semaphore_2k_BF_5th,semaphore_2k_BF_10th,semaphore_2k_SA_best,semaphore_2k_GA_best,semaphore_3k_Classifier_best,semaphore_3k_Classifier_5th,semaphore_3k_Classifier_10th,semaphore_3k_BF_best,semaphore_3k_BF_5th,semaphore_3k_BF_10th,semaphore_3k_SA_best,semaphore_3k_GA_best,semaphore_4k_Classifier_best,semaphore_4k_Classifier_5th,semaphore_4k_Classifier_10th,semaphore_4k_BF_best,semaphore_4k_BF_5th,semaphore_4k_BF_10th,semaphore_4k_SA_best,semaphore_4k_GA_best,semaphore_5k_Classifier_best,semaphore_5k_Classifier_5th,semaphore_5k_Classifier_10th,semaphore_5k_BF_best,semaphore_5k_BF_5th,semaphore_5k_BF_10th,semaphore_5k_SA_best,semaphore_5k_GA_best,lock_1k_Classifier_best,lock_1k_Classifier_5th,lock_1k_Classifier_10th,lock_1k_BF_best,lock_1k_BF_5th,lock_1k_BF_10th,lock_1k_SA_best,lock_1k_GA_best,lock_2k_Classifier_best,lock_2k_Classifier_5th,lock_2k_Classifier_10th,lock_2k_BF_best,lock_2k_BF_5th,lock_2k_BF_10th,lock_2k_SA_best,lock_2k_GA_best,lock_3k_Classifier_best,lock_3k_Classifier_5th,lock_3k_Classifier_10th,lock_3k_BF_best,lock_3k_BF_5th,lock_3k_BF_10th,lock_3k_SA_best,lock_3k_GA_best,lock_4k_Classifier_best,lock_4k_Classifier_5th,lock_4k_Classifier_10th,lock_4k_BF_best,lock_4k_BF_5th,lock_4k_BF_10th,lock_4k_SA_best,lock_4k_GA_best,lock_5k_Classifier_best,lock_5k_Classifier_5th,lock_5k_Classifier_10th,lock_5k_BF_best,lock_5k_BF_5th,lock_5k_BF_10th,lock_5k_SA_best,lock_5k_GA_best,complex_1k_Classifier_best,complex_1k_Classifier_5th,complex_1k_Classifier_10th,complex_1k_BF_best,complex_1k_BF_5th,complex_1k_BF_10th,complex_1k_SA_best,complex_1k_GA_best,complex_2k_Classifier_best,complex_2k_Classifier_5th,complex_2k_Classifier_10th,complex_2k_BF_best,complex_2k_BF_5th,complex_2k_BF_10th,complex_2k_SA_best,complex_2k_GA_best,complex_3k_Classifier_best,complex_3k_Classifier_5th,complex_3k_Classifier_10th,complex_3k_BF_best,complex_3k_BF_5th,complex_3k_BF_10th,complex_3k_SA_best,complex_3k_GA_best,complex_4k_Classifier_best,complex_4k_Classifier_5th,complex_4k_Classifier_10th,complex_4k_BF_best,complex_4k_BF_5th,complex_4k_BF_10th,complex_4k_SA_best,complex_4k_GA_best,complex_5k_Classifier_best,complex_5k_Classifier_5th,complex_5k_Classifier_10th,complex_5k_BF_best,complex_5k_BF_5th,complex_5k_BF_10th,complex_5k_SA_best,complex_5k_GA_best,dragons_1k_Classifier_best,dragons_1k_Classifier_5th,dragons_1k_Classifier_10th,dragons_1k_BF_best,dragons_1k_BF_5th,dragons_1k_BF_10th,dragons_1k_SA_best,dragons_1k_GA_best,dragons_2k_Classifier_best,dragons_2k_Classifier_5th,dragons_2k_Classifier_10th,dragons_2k_BF_best,dragons_2k_BF_5th,dragons_2k_BF_10th,dragons_2k_SA_best,dragons_2k_GA_best,dragons_3k_Classifier_best,dragons_3k_Classifier_5th,dragons_3k_Classifier_10th,dragons_3k_BF_best,dragons_3k_BF_5th,dragons_3k_BF_10th,dragons_3k_SA_best,dragons_3k_GA_best,dragons_4k_Classifier_best,dragons_4k_Classifier_5th,dragons_4k_Classifier_10th,dragons_4k_BF_best,dragons_4k_BF_5th,dragons_4k_BF_10th,dragons_4k_SA_best,dragons_4k_GA_best,dragons_5k_Classifier_best,dragons_5k_Classifier_5th,dragons_5k_Classifier_10th,dragons_5k_BF_best,dragons_5k_BF_5th,dragons_5k_BF_10th,dragons_5k_SA_best,dragons_5k_GA_best,math_1k_Classifier_best,math_1k_Classifier_5th,math_1k_Classifier_10th,math_1k_BF_best,math_1k_BF_5th,math_1k_BF_10th,math_1k_SA_best,math_1k_GA_best,math_2k_Classifier_best,math_2k_Classifier_5th,math_2k_Classifier_10th,math_2k_BF_best,math_2k_BF_5th,math_2k_BF_10th,math_2k_SA_best,math_2k_GA_best,math_3k_Classifier_best,math_3k_Classifier_5th,math_3k_Classifier_10th,math_3k_BF_best,math_3k_BF_5th,math_3k_BF_10th,math_3k_SA_best,math_3k_GA_best,math_4k_Classifier_best,math_4k_Classifier_5th,math_4k_Classifier_10th,math_4k_BF_best,math_4k_BF_5th,math_4k_BF_10th,math_4k_SA_best,math_4k_GA_best,math_5k_Classifier_best,math_5k_Classifier_5th,math_5k_Classifier_10th,math_5k_BF_best,math_5k_BF_5th,math_5k_BF_10th,math_5k_SA_best,math_5k_GA_best
0,0,0,0,0,0,0,0,0,0,0,0,0,0,0,0,0,0,0,0,0,0,0,0,0,0,0,0,0,0,0,0,0,0,0,0,0,0,0,0,0,0,0,0,0,0,0,0,0,0,0,0,0,0,0,0,0,0,0,0,0,0,0,0,0,0,0,0,0,0,0,0,0,0,0,0,0,0,0,0,0,0,0,0,0,0,0,0,0,0,0,0,0,0,0,0,0,0,0,0,0,0,0,0,0,0,0,0,0,0,0,0,0,0,0,0,0,0,0,0,0,0,0,0,0,0,0,0,0,0,0,0,0,0,0,0,0,0,0,0,0,0,0,0,0,0,0,0,0,0,0,0,0,0,0,0,0,0,0,0,0,0,0,0,0,0,0,0,0,0,0,0,0,0,0,0,0,0,0,0,0,0,0,0,0,0,0,0,0,0,0,0,0,0,0,0,0,0,0,0,0,0,0,0,0,0,0,0,0,0,0,0,0,0,0,0,0,0,0,0,0,0,0,0,0,0,0,0,0,0,0,0,0,0,0,0,0,0,0,0,0,0,0,0,0,0,0,0,0,0,0,0,0,0,0,0,0,0,0,0,0,0,0,0,0,0,0,0,0,0,0,0,0,0,0,0,0,0,0,0,0.09,0.01,0.0,0.03333333333333333,0.0,0.0,0,0,0.27,0.01,0.0,0.16666666666666666,0.0,0.0,0,0,0.16,0.03,0.0,0.16666666666666666,0.03333333333333333,0.0,0,0,0.19,0.08,0.04,0.13333333333333333,0.06666666666666667,0.03333333333333333,0,0,0.18,0.09,0.0,0.1,0.03333333333333333,0.03333333333333333,0,0,0,0,0,0,0,0,0,0,0,0,0,0,0,0,0,0,0,0,0,0,0,0,0,0,0,0,0,0,0,0,0,0,0,0,0,0,0,0,0,0,0,0,0,0,0,0,0,0,0,0,0,0,0,0,0,0,0,0,0,0,0,0,0,0,0,0,0,0,0,0,0,0,0,0,0,0,0,0,0,0
0,0,0,0,0,0,0,0,0,0,0,0,0,0,0,0,0,0,0,0,0,0,0,0,0,0,0,0,0,0,0,0,0,0,0,0,0,0,0,0,0,0,0,0,0,0,0,0,0,0,0,0,0,0,0,0,0,0,0,0,0,0,0,0,0,0,0,0,0,0,0,0,0,0,0,0,0,0,0,0,0,0,0,0,0,0,0,0,0,0,0,0,0,0,0,0,0,0,0,0,0,0,0,0,0,0,0,0,0,0,0,0,0,0,0,0,0,0,0,0,0,0,0,0,0,0,0,0,0,0,0,0,0,0,0,0,0,0,0,0,0,0,0,0,0,0,0,0,0,0,0,0,0,0,0,0,0,0,0,0,0,0,0,0,0,0,0,0,0,0,0,0,0,0,0,0,0,0,0,0,0,0,0,0,0,0,0,0,0,0,0,0,0,0,0,0,0,0,0,0,0,0,0,0,0,0,0,0,0,0,0,0,0,0,0,0,0,0,0,0,0,0,0,0,0,0,0,0,0,0,0,0,0,0,0,0,0,0,0,0,0,0,0,0,0,0,0,0,0,0,0,0,0,0,0,0,0,0,0,0,0,0,0,0,0,0,0,0,0,0,0,0,0,0,0,0,0,0,0,0,0.33,0.04,0.0,0.06666666666666667,0.0,0.0,0,0,0.17,0.01,0.0,0.03333333333333333,0.0,0.0,0,0,0.16,0.03,0.0,0.1,0.03333333333333333,0.0,0,0,0.16,0.04,0.0,0.13333333333333333,0.03333333333333333,0.0,0,0,0.26,0.05,0.02,0.16666666666666666,0.06666666666666667,0.03333333333333333,0,0,0,0,0,0,0,0,0,0,0,0,0,0,0,0,0,0,0,0,0,0,0,0,0,0,0,0,0,0,0,0,0,0,0,0,0,0,0,0,0,0,0,0,0,0,0,0,0,0,0,0,0,0,0,0,0,0,0,0,0,0,0,0,0,0,0,0,0,0,0,0,0,0,0,0,0,0,0,0,0,0
0,0,0,0,0,0,0,0,0,0,0,0,0,0,0,0,0,0,0,0,0,0,0,0,0,0,0,0,0,0,0,0,0,0,0,0,0,0,0,0,0,0,0,0,0,0,0,0,0,0,0,0,0,0,0,0,0,0,0,0,0,0,0,0,0,0,0,0,0,0,0,0,0,0,0,0,0,0,0,0,0,0,0,0,0,0,0,0,0,0,0,0,0,0,0,0,0,0,0,0,0,0,0,0,0,0,0,0,0,0,0,0,0,0,0,0,0,0,0,0,0,0,0,0,0,0,0,0,0,0,0,0,0,0,0,0,0,0,0,0,0,0,0,0,0,0,0,0,0,0,0,0,0,0,0,0,0,0,0,0,0,0,0,0,0,0,0,0,0,0,0,0,0,0,0,0,0,0,0,0,0,0,0,0,0,0,0,0,0,0,0,0,0,0,0,0,0,0,0,0,0,0,0,0,0,0,0,0,0,0,0,0,0,0,0,0,0,0,0,0,0,0,0,0,0,0,0,0,0,0,0,0,0,0,0,0,0,0,0,0,0,0,0,0,0,0,0,0,0,0,0,0,0,0,0,0,0,0,0,0,0,0,0,0,0,0,0,0,0,0,0,0,0,0,0,0,0,0,0,0,0.03,0.0,0.0,0.13333333333333333,0.0,0.0,0,0,0.14,0.01,0.0,0.1,0.03333333333333333,0.0,0,0,0.2,0.11,0.02,0.1,0.06666666666666667,0.03333333333333333,0,0,0.17,0.06,0.01,0.3,0.06666666666666667,0.03333333333333333,0,0,0.27,0.08,0.06,0.13333333333333333,0.06666666666666667,0.03333333333333333,0,0,0,0,0,0,0,0,0,0,0,0,0,0,0,0,0,0,0,0,0,0,0,0,0,0,0,0,0,0,0,0,0,0,0,0,0,0,0,0,0,0,0,0,0,0,0,0,0,0,0,0,0,0,0,0,0,0,0,0,0,0,0,0,0,0,0,0,0,0,0,0,0,0,0,0,0,0,0,0,0,0
0,0,0,0,0,0,0,0,0,0,0,0,0,0,0,0,0,0,0,0,0,0,0,0,0,0,0,0,0,0,0,0,0,0,0,0,0,0,0,0,0,0,0,0,0,0,0,0,0,0,0,0,0,0,0,0,0,0,0,0,0,0,0,0,0,0,0,0,0,0,0,0,0,0,0,0,0,0,0,0,0,0,0,0,0,0,0,0,0,0,0,0,0,0,0,0,0,0,0,0,0,0,0,0,0,0,0,0,0,0,0,0,0,0,0,0,0,0,0,0,0,0,0,0,0,0,0,0,0,0,0,0,0,0,0,0,0,0,0,0,0,0,0,0,0,0,0,0,0,0,0,0,0,0,0,0,0,0,0,0,0,0,0,0,0,0,0,0,0,0,0,0,0,0,0,0,0,0,0,0,0,0,0,0,0,0,0,0,0,0,0,0,0,0,0,0,0,0,0,0,0,0,0,0,0,0,0,0,0,0,0,0,0,0,0,0,0,0,0,0,0,0,0,0,0,0,0,0,0,0,0,0,0,0,0,0,0,0,0,0,0,0,0,0,0,0,0,0,0,0,0,0,0,0,0,0,0,0,0,0,0,0,0,0,0,0,0,0,0,0,0,0,0,0,0,0,0,0,0,0,0.32,0.01,0.0,0.03333333333333333,0.0,0.0,0,0,0.33,0.05,0.0,0.1,0.0,0.0,0,0,0.25,0.12,0.01,0.3,0.03333333333333333,0.03333333333333333,0,0,0.27,0.11,0.02,0.5,0.06666666666666667,0.03333333333333333,0,0,0.23,0.11,0.01,0.1,0.06666666666666667,0.03333333333333333,0,0,0,0,0,0,0,0,0,0,0,0,0,0,0,0,0,0,0,0,0,0,0,0,0,0,0,0,0,0,0,0,0,0,0,0,0,0,0,0,0,0,0,0,0,0,0,0,0,0,0,0,0,0,0,0,0,0,0,0,0,0,0,0,0,0,0,0,0,0,0,0,0,0,0,0,0,0,0,0,0,0
0,0,0,0,0,0,0,0,0,0,0,0,0,0,0,0,0,0,0,0,0,0,0,0,0,0,0,0,0,0,0,0,0,0,0,0,0,0,0,0,0,0,0,0,0,0,0,0,0,0,0,0,0,0,0,0,0,0,0,0,0,0,0,0,0,0,0,0,0,0,0,0,0,0,0,0,0,0,0,0,0,0,0,0,0,0,0,0,0,0,0,0,0,0,0,0,0,0,0,0,0,0,0,0,0,0,0,0,0,0,0,0,0,0,0,0,0,0,0,0,0,0,0,0,0,0,0,0,0,0,0,0,0,0,0,0,0,0,0,0,0,0,0,0,0,0,0,0,0,0,0,0,0,0,0,0,0,0,0,0,0,0,0,0,0,0,0,0,0,0,0,0,0,0,0,0,0,0,0,0,0,0,0,0,0,0,0,0,0,0,0,0,0,0,0,0,0,0,0,0,0,0,0,0,0,0,0,0,0,0,0,0,0,0,0,0,0,0,0,0,0,0,0,0,0,0,0,0,0,0,0,0,0,0,0,0,0,0,0,0,0,0,0,0,0,0,0,0,0,0,0,0,0,0,0,0,0,0,0,0,0,0,0,0,0,0,0,0,0,0,0,0,0,0,0,0,0,0,0,0,0.17,0.0,0.0,0.3333333333333333,0.0,0.0,0,0,0.13,0.02,0.0,0.13333333333333333,0.06666666666666667,0.0,0,0,0.25,0.1,0.01,0.06666666666666667,0.03333333333333333,0.0,0,0,0.32,0.12,0.0,0.13333333333333333,0.03333333333333333,0.0,0,0,0.29,0.13,0.05,0.26666666666666666,0.06666666666666667,0.03333333333333333,0,0,0,0,0,0,0,0,0,0,0,0,0,0,0,0,0,0,0,0,0,0,0,0,0,0,0,0,0,0,0,0,0,0,0,0,0,0,0,0,0,0,0,0,0,0,0,0,0,0,0,0,0,0,0,0,0,0,0,0,0,0,0,0,0,0,0,0,0,0,0,0,0,0,0,0,0,0,0,0,0,0
0,0,0,0,0,0,0,0,0,0,0,0,0,0,0,0,0,0,0,0,0,0,0,0,0,0,0,0,0,0,0,0,0,0,0,0,0,0,0,0,0,0,0,0,0,0,0,0,0,0,0,0,0,0,0,0,0,0,0,0,0,0,0,0,0,0,0,0,0,0,0,0,0,0,0,0,0,0,0,0,0,0,0,0,0,0,0,0,0,0,0,0,0,0,0,0,0,0,0,0,0,0,0,0,0,0,0,0,0,0,0,0,0,0,0,0,0,0,0,0,0,0,0,0,0,0,0,0,0,0,0,0,0,0,0,0,0,0,0,0,0,0,0,0,0,0,0,0,0,0,0,0,0,0,0,0,0,0,0,0,0,0,0,0,0,0,0,0,0,0,0,0,0,0,0,0,0,0,0,0,0,0,0,0,0,0,0,0,0,0,0,0,0,0,0,0,0,0,0,0,0,0,0,0,0,0,0,0,0,0,0,0,0,0,0,0,0,0,0,0,0,0,0,0,0,0,0,0,0,0,0,0,0,0,0,0,0,0,0,0,0,0,0,0,0,0,0,0,0,0,0,0,0,0,0,0,0,0,0,0,0,0,0,0,0,0,0,0,0,0,0,0,0,0,0,0,0,0,0,0,0.04,0.0,0.0,0.0,0.0,0.0,0,0,0.15,0.04,0.0,0.06666666666666667,0.03333333333333333,0.0,0,0,0.19,0.09,0.0,0.1,0.03333333333333333,0.0,0,0,0.18,0.08,0.02,0.16666666666666666,0.06666666666666667,0.0,0,0,0.2,0.1,0.01,0.13333333333333333,0.06666666666666667,0.03333333333333333,0,0,0,0,0,0,0,0,0,0,0,0,0,0,0,0,0,0,0,0,0,0,0,0,0,0,0,0,0,0,0,0,0,0,0,0,0,0,0,0,0,0,0,0,0,0,0,0,0,0,0,0,0,0,0,0,0,0,0,0,0,0,0,0,0,0,0,0,0,0,0,0,0,0,0,0,0,0,0,0,0,0
0,0,0,0,0,0,0,0,0,0,0,0,0,0,0,0,0,0,0,0,0,0,0,0,0,0,0,0,0,0,0,0,0,0,0,0,0,0,0,0,0,0,0,0,0,0,0,0,0,0,0,0,0,0,0,0,0,0,0,0,0,0,0,0,0,0,0,0,0,0,0,0,0,0,0,0,0,0,0,0,0,0,0,0,0,0,0,0,0,0,0,0,0,0,0,0,0,0,0,0,0,0,0,0,0,0,0,0,0,0,0,0,0,0,0,0,0,0,0,0,0,0,0,0,0,0,0,0,0,0,0,0,0,0,0,0,0,0,0,0,0,0,0,0,0,0,0,0,0,0,0,0,0,0,0,0,0,0,0,0,0,0,0,0,0,0,0,0,0,0,0,0,0,0,0,0,0,0,0,0,0,0,0,0,0,0,0,0,0,0,0,0,0,0,0,0,0,0,0,0,0,0,0,0,0,0,0,0,0,0,0,0,0,0,0,0,0,0,0,0,0,0,0,0,0,0,0,0,0,0,0,0,0,0,0,0,0,0,0,0,0,0,0,0,0,0,0,0,0,0,0,0,0,0,0,0,0,0,0,0,0,0,0,0,0,0,0,0,0,0,0,0,0,0,0,0,0,0,0,0,0.05,0.0,0.0,0.1,0.0,0.0,0,0,0.18,0.0,0.0,0.16666666666666666,0.06666666666666667,0.0,0,0,0.22,0.08,0.01,0.06666666666666667,0.0,0.0,0,0,0.29,0.11,0.07,0.3,0.1,0.03333333333333333,0,0,0.21,0.04,0.0,0.26666666666666666,0.06666666666666667,0.03333333333333333,0,0,0,0,0,0,0,0,0,0,0,0,0,0,0,0,0,0,0,0,0,0,0,0,0,0,0,0,0,0,0,0,0,0,0,0,0,0,0,0,0,0,0,0,0,0,0,0,0,0,0,0,0,0,0,0,0,0,0,0,0,0,0,0,0,0,0,0,0,0,0,0,0,0,0,0,0,0,0,0,0,0
0,0,0,0,0,0,0,0,0,0,0,0,0,0,0,0,0,0,0,0,0,0,0,0,0,0,0,0,0,0,0,0,0,0,0,0,0,0,0,0,0,0,0,0,0,0,0,0,0,0,0,0,0,0,0,0,0,0,0,0,0,0,0,0,0,0,0,0,0,0,0,0,0,0,0,0,0,0,0,0,0,0,0,0,0,0,0,0,0,0,0,0,0,0,0,0,0,0,0,0,0,0,0,0,0,0,0,0,0,0,0,0,0,0,0,0,0,0,0,0,0,0,0,0,0,0,0,0,0,0,0,0,0,0,0,0,0,0,0,0,0,0,0,0,0,0,0,0,0,0,0,0,0,0,0,0,0,0,0,0,0,0,0,0,0,0,0,0,0,0,0,0,0,0,0,0,0,0,0,0,0,0,0,0,0,0,0,0,0,0,0,0,0,0,0,0,0,0,0,0,0,0,0,0,0,0,0,0,0,0,0,0,0,0,0,0,0,0,0,0,0,0,0,0,0,0,0,0,0,0,0,0,0,0,0,0,0,0,0,0,0,0,0,0,0,0,0,0,0,0,0,0,0,0,0,0,0,0,0,0,0,0,0,0,0,0,0,0,0,0,0,0,0,0,0,0,0,0,0,0,0.17,0.0,0.0,0.1,0.0,0.0,0,0,0.13,0.03,0.0,0.1,0.03333333333333333,0.0,0,0,0.19,0.01,0.0,0.13333333333333333,0.03333333333333333,0.0,0,0,0.13,0.03,0.0,0.2,0.06666666666666667,0.03333333333333333,0,0,0.26,0.12,0.0,0.2,0.06666666666666667,0.03333333333333333,0,0,0,0,0,0,0,0,0,0,0,0,0,0,0,0,0,0,0,0,0,0,0,0,0,0,0,0,0,0,0,0,0,0,0,0,0,0,0,0,0,0,0,0,0,0,0,0,0,0,0,0,0,0,0,0,0,0,0,0,0,0,0,0,0,0,0,0,0,0,0,0,0,0,0,0,0,0,0,0,0,0
0,0,0,0,0,0,0,0,0,0,0,0,0,0,0,0,0,0,0,0,0,0,0,0,0,0,0,0,0,0,0,0,0,0,0,0,0,0,0,0,0,0,0,0,0,0,0,0,0,0,0,0,0,0,0,0,0,0,0,0,0,0,0,0,0,0,0,0,0,0,0,0,0,0,0,0,0,0,0,0,0,0,0,0,0,0,0,0,0,0,0,0,0,0,0,0,0,0,0,0,0,0,0,0,0,0,0,0,0,0,0,0,0,0,0,0,0,0,0,0,0,0,0,0,0,0,0,0,0,0,0,0,0,0,0,0,0,0,0,0,0,0,0,0,0,0,0,0,0,0,0,0,0,0,0,0,0,0,0,0,0,0,0,0,0,0,0,0,0,0,0,0,0,0,0,0,0,0,0,0,0,0,0,0,0,0,0,0,0,0,0,0,0,0,0,0,0,0,0,0,0,0,0,0,0,0,0,0,0,0,0,0,0,0,0,0,0,0,0,0,0,0,0,0,0,0,0,0,0,0,0,0,0,0,0,0,0,0,0,0,0,0,0,0,0,0,0,0,0,0,0,0,0,0,0,0,0,0,0,0,0,0,0,0,0,0,0,0,0,0,0,0,0,0,0,0,0,0,0,0,0.02,0.01,0.0,0.03333333333333333,0.0,0.0,0,0,0.1,0.0,0.0,0.03333333333333333,0.0,0.0,0,0,0.25,0.04,0.0,0.1,0.03333333333333333,0.03333333333333333,0,0,0.16,0.1,0.0,0.16666666666666666,0.03333333333333333,0.03333333333333333,0,0,0.24,0.09,0.0,0.13333333333333333,0.06666666666666667,0.03333333333333333,0,0,0,0,0,0,0,0,0,0,0,0,0,0,0,0,0,0,0,0,0,0,0,0,0,0,0,0,0,0,0,0,0,0,0,0,0,0,0,0,0,0,0,0,0,0,0,0,0,0,0,0,0,0,0,0,0,0,0,0,0,0,0,0,0,0,0,0,0,0,0,0,0,0,0,0,0,0,0,0,0,0
0,0,0,0,0,0,0,0,0,0,0,0,0,0,0,0,0,0,0,0,0,0,0,0,0,0,0,0,0,0,0,0,0,0,0,0,0,0,0,0,0,0,0,0,0,0,0,0,0,0,0,0,0,0,0,0,0,0,0,0,0,0,0,0,0,0,0,0,0,0,0,0,0,0,0,0,0,0,0,0,0,0,0,0,0,0,0,0,0,0,0,0,0,0,0,0,0,0,0,0,0,0,0,0,0,0,0,0,0,0,0,0,0,0,0,0,0,0,0,0,0,0,0,0,0,0,0,0,0,0,0,0,0,0,0,0,0,0,0,0,0,0,0,0,0,0,0,0,0,0,0,0,0,0,0,0,0,0,0,0,0,0,0,0,0,0,0,0,0,0,0,0,0,0,0,0,0,0,0,0,0,0,0,0,0,0,0,0,0,0,0,0,0,0,0,0,0,0,0,0,0,0,0,0,0,0,0,0,0,0,0,0,0,0,0,0,0,0,0,0,0,0,0,0,0,0,0,0,0,0,0,0,0,0,0,0,0,0,0,0,0,0,0,0,0,0,0,0,0,0,0,0,0,0,0,0,0,0,0,0,0,0,0,0,0,0,0,0,0,0,0,0,0,0,0,0,0,0,0,0,0.11,0.02,0.0,0.1,0.03333333333333333,0.0,0,0,0.08,0.05,0.0,0.03333333333333333,0.0,0.0,0,0,0.13,0.02,0.0,0.2,0.03333333333333333,0.0,0,0,0.17,0.03,0.0,0.13333333333333333,0.03333333333333333,0.0,0,0,0.19,0.12,0.01,0.2,0.06666666666666667,0.03333333333333333,0,0,0,0,0,0,0,0,0,0,0,0,0,0,0,0,0,0,0,0,0,0,0,0,0,0,0,0,0,0,0,0,0,0,0,0,0,0,0,0,0,0,0,0,0,0,0,0,0,0,0,0,0,0,0,0,0,0,0,0,0,0,0,0,0,0,0,0,0,0,0,0,0,0,0,0,0,0,0,0,0,0
